Country/City,Gender,Average Income (In USD)
UK,F,30516.41791044776
SINGAPORE,F,40228.666666666664
USA,F,161280.0
New Delhi,F,1718.6818181818182
HONG KONG,F,22744.125
UK,M,41091.0447761194
SINGAPORE,M,51240.0
IND,F,10242.545454545454
USA,M,199693.0
HONG KONG,M,32118.75
New Delhi,M,3652.1969696969695
IND,M,10981.090909090908